{"AD_score": 1775.9264541708512, "KE_score": 0.11262432853155203}